year,month,cpi,date
1913,1,0.038933384185100436,1913-01-01
1913,2,0.038933384185100436,1913-02-01
1913,3,0.038933384185100436,1913-03-01
1913,4,0.038933384185100436,1913-04-01
1913,5,0.03853610475464022,1913-05-01
1913,6,0.038933384185100436,1913-06-01
1913,7,0.039330663615560646,1913-07-01
1913,8,0.039330663615560646,1913-08-01
1913,9,0.03972794304602085,1913-09-01
1913,10,0.03972794304602085,1913-10-01
1913,11,0.04012522247648106,1913-11-01
1913,12,0.03972794304602085,1913-12-01
1914,1,0.03972794304602085,1914-01-01
1914,2,0.039330663615560646,1914-02-01
1914,3,0.039330663615560646,1914-03-01
1914,4,0.038933384185100436,1914-04-01
1914,5,0.039330663615560646,1914-05-01
1914,6,0.039330663615560646,1914-06-01
1914,7,0.03972794304602085,1914-07-01
1914,8,0.04052250190694127,1914-08-01
1914,9,0.04052250190694127,1914-09-01
1914,10,0.04012522247648106,1914-10-01
1914,11,0.04052250190694127,1914-11-01
1914,12,0.04012522247648106,1914-12-01
1915,1,0.04012522247648106,1915-01-01
1915,2,0.03972794304602085,1915-02-01
1915,3,0.039330663615560646,1915-03-01
1915,4,0.03972794304602085,1915-04-01
1915,5,0.04012522247648106,1915-05-01
1915,6,0.04012522247648106,1915-06-01
1915,7,0.04012522247648106,1915-07-01
1915,8,0.04012522247648106,1915-08-01
1915,9,0.04012522247648106,1915-09-01
1915,10,0.04052250190694127,1915-10-01
1915,11,0.04091978133740148,1915-11-01
1915,12,0.04091978133740148,1915-12-01
1916,1,0.04131706076786169,1916-01-01
1916,2,0.04131706076786169,1916-02-01
1916,3,0.041714340198321896,1916-03-01
1916,4,0.0421116196287821,1916-04-01
1916,5,0.04250889905924231,1916-05-01
1916,6,0.042906178489702525,1916-06-01
1916,7,0.042906178489702525,1916-07-01
1916,8,0.04330345792016273,1916-08-01
1916,9,0.044098016781083146,1916-09-01
1916,10,0.044892575642003565,1916-10-01
1916,11,0.04568713450292398,1916-11-01
1916,12,0.04608441393338419,1916-12-01
1917,1,0.04648169336384439,1917-01-01
1917,2,0.04767353165522502,1917-02-01
1917,3,0.04767353165522502,1917-03-01
1917,4,0.05005720823798627,1917-04-01
1917,5,0.050851767098906694,1917-05-01
1917,6,0.05164632595982711,1917-06-01
1917,7,0.050851767098906694,1917-07-01
1917,8,0.05164632595982711,1917-08-01
1917,9,0.052838164251207735,1917-09-01
1917,10,0.05363272311212815,1917-10-01
1917,11,0.05363272311212815,1917-11-01
1917,12,0.054427281973048566,1917-12-01
1918,1,0.05561912026442919,1918-01-01
1918,2,0.0560163996948894,1918-02-01
1918,3,0.05561912026442919,1918-03-01
1918,4,0.05641367912534961,1918-04-01
1918,5,0.057605517416730236,1918-05-01
1918,6,0.05840007627765065,1918-06-01
1918,7,0.059989193999491486,1918-07-01
1918,8,0.061181032290872114,1918-08-01
1918,9,0.062372870582252736,1918-09-01
1918,10,0.06356470887363336,1918-10-01
1918,11,0.06475654716501399,1918-11-01
1918,12,0.0655511060259344,1918-12-01
1919,1,0.0655511060259344,1919-01-01
1919,2,0.06435926773455378,1919-02-01
1919,3,0.0651538265954742,1919-03-01
1919,4,0.06634566488685482,1919-04-01
1919,5,0.06714022374777523,1919-05-01
1919,6,0.06714022374777523,1919-06-01
1919,7,0.06912662090007628,1919-07-01
1919,8,0.0703184591914569,1919-08-01
1919,9,0.07071573862191712,1919-09-01
1919,10,0.07190757691329774,1919-10-01
1919,11,0.07349669463513857,1919-11-01
1919,12,0.0750858123569794,1919-12-01
1920,1,0.07667493007882024,1920-01-01
1920,2,0.07746948893974066,1920-02-01
1920,3,0.07826404780066107,1920-03-01
1920,4,0.08064772438342233,1920-04-01
1920,5,0.08183956267480295,1920-05-01
1920,6,0.08303140096618357,1920-06-01
1920,7,0.08263412153572337,1920-07-01
1920,8,0.08064772438342233,1920-08-01
1920,9,0.0794558860920417,1920-09-01
1920,10,0.07905860666158149,1920-10-01
1920,11,0.07866132723112129,1920-11-01
1920,12,0.07707220950928044,1920-12-01
1921,1,0.07548309178743962,1921-01-01
1921,2,0.07309941520467836,1921-02-01
1921,3,0.07270213577421816,1921-03-01
1921,4,0.07190757691329774,1921-04-01
1921,5,0.0703184591914569,1921-05-01
1921,6,0.06992117976099671,1921-06-01
1921,7,0.0703184591914569,1921-07-01
1921,8,0.0703184591914569,1921-08-01
1921,9,0.06952390033053649,1921-09-01
1921,10,0.06952390033053649,1921-10-01
1921,11,0.06912662090007628,1921-11-01
1921,12,0.06872934146961608,1921-12-01
1922,1,0.06714022374777523,1922-01-01
1922,2,0.06714022374777523,1922-02-01
1922,3,0.06634566488685482,1922-03-01
1922,4,0.06634566488685482,1922-04-01
1922,5,0.06634566488685482,1922-05-01
1922,6,0.06634566488685482,1922-06-01
1922,7,0.06674294431731503,1922-07-01
1922,8,0.06594838545639461,1922-08-01
1922,9,0.06594838545639461,1922-09-01
1922,10,0.06634566488685482,1922-10-01
1922,11,0.06674294431731503,1922-11-01
1922,12,0.06714022374777523,1922-12-01
1923,1,0.06674294431731503,1923-01-01
1923,2,0.06674294431731503,1923-02-01
1923,3,0.06674294431731503,1923-03-01
1923,4,0.06714022374777523,1923-04-01
1923,5,0.06714022374777523,1923-05-01
1923,6,0.06753750317823545,1923-06-01
1923,7,0.06833206203915586,1923-07-01
1923,8,0.06793478260869566,1923-08-01
1923,9,0.06833206203915586,1923-09-01
1923,10,0.06872934146961608,1923-10-01
1923,11,0.06872934146961608,1923-11-01
1923,12,0.06872934146961608,1923-12-01
1924,1,0.06872934146961608,1924-01-01
1924,2,0.06833206203915586,1924-02-01
1924,3,0.06793478260869566,1924-03-01
1924,4,0.06753750317823545,1924-04-01
1924,5,0.06753750317823545,1924-05-01
1924,6,0.06753750317823545,1924-06-01
1924,7,0.06793478260869566,1924-07-01
1924,8,0.06753750317823545,1924-08-01
1924,9,0.06793478260869566,1924-09-01
1924,10,0.06833206203915586,1924-10-01
1924,11,0.06833206203915586,1924-11-01
1924,12,0.06872934146961608,1924-12-01
1925,1,0.06872934146961608,1925-01-01
1925,2,0.06833206203915586,1925-02-01
1925,3,0.06872934146961608,1925-03-01
1925,4,0.06833206203915586,1925-04-01
1925,5,0.06872934146961608,1925-05-01
1925,6,0.06952390033053649,1925-06-01
1925,7,0.0703184591914569,1925-07-01
1925,8,0.0703184591914569,1925-08-01
1925,9,0.0703184591914569,1925-09-01
1925,10,0.0703184591914569,1925-10-01
1925,11,0.07151029748283753,1925-11-01
1925,12,0.07111301805237731,1925-12-01
1926,1,0.07111301805237731,1926-01-01
1926,2,0.07111301805237731,1926-02-01
1926,3,0.07071573862191712,1926-03-01
1926,4,0.07111301805237731,1926-04-01
1926,5,0.07071573862191712,1926-05-01
1926,6,0.0703184591914569,1926-06-01
1926,7,0.06952390033053649,1926-07-01
1926,8,0.06912662090007628,1926-08-01
1926,9,0.06952390033053649,1926-09-01
1926,10,0.06992117976099671,1926-10-01
1926,11,0.0703184591914569,1926-11-01
1926,12,0.0703184591914569,1926-12-01
1927,1,0.06952390033053649,1927-01-01
1927,2,0.06912662090007628,1927-02-01
1927,3,0.06872934146961608,1927-03-01
1927,4,0.06872934146961608,1927-04-01
1927,5,0.06912662090007628,1927-05-01
1927,6,0.06992117976099671,1927-06-01
1927,7,0.06872934146961608,1927-07-01
1927,8,0.06833206203915586,1927-08-01
1927,9,0.06872934146961608,1927-09-01
1927,10,0.06912662090007628,1927-10-01
1927,11,0.06872934146961608,1927-11-01
1927,12,0.06872934146961608,1927-12-01
1928,1,0.06872934146961608,1928-01-01
1928,2,0.06793478260869566,1928-02-01
1928,3,0.06793478260869566,1928-03-01
1928,4,0.06793478260869566,1928-04-01
1928,5,0.06833206203915586,1928-05-01
1928,6,0.06793478260869566,1928-06-01
1928,7,0.06793478260869566,1928-07-01
1928,8,0.06793478260869566,1928-08-01
1928,9,0.06872934146961608,1928-09-01
1928,10,0.06833206203915586,1928-10-01
1928,11,0.06833206203915586,1928-11-01
1928,12,0.06793478260869566,1928-12-01
1929,1,0.06793478260869566,1929-01-01
1929,2,0.06793478260869566,1929-02-01
1929,3,0.06753750317823545,1929-03-01
1929,4,0.06714022374777523,1929-04-01
1929,5,0.06753750317823545,1929-05-01
1929,6,0.06793478260869566,1929-06-01
1929,7,0.06872934146961608,1929-07-01
1929,8,0.06872934146961608,1929-08-01
1929,9,0.06872934146961608,1929-09-01
1929,10,0.06872934146961608,1929-10-01
1929,11,0.06872934146961608,1929-11-01
1929,12,0.06833206203915586,1929-12-01
1930,1,0.06793478260869566,1930-01-01
1930,2,0.06753750317823545,1930-02-01
1930,3,0.06714022374777523,1930-03-01
1930,4,0.06753750317823545,1930-04-01
1930,5,0.06714022374777523,1930-05-01
1930,6,0.06674294431731503,1930-06-01
1930,7,0.06594838545639461,1930-07-01
1930,8,0.0655511060259344,1930-08-01
1930,9,0.06594838545639461,1930-09-01
1930,10,0.0655511060259344,1930-10-01
1930,11,0.0651538265954742,1930-11-01
1930,12,0.06396198830409358,1930-12-01
1931,1,0.06316742944317315,1931-01-01
1931,2,0.062372870582252736,1931-02-01
1931,3,0.061975591151792526,1931-03-01
1931,4,0.06157831172133232,1931-04-01
1931,5,0.060783752860411905,1931-05-01
1931,6,0.059989193999491486,1931-06-01
1931,7,0.059989193999491486,1931-07-01
1931,8,0.059989193999491486,1931-08-01
1931,9,0.059591914569031276,1931-09-01
1931,10,0.05919463513857107,1931-10-01
1931,11,0.05840007627765065,1931-11-01
1931,12,0.05800279684719044,1931-12-01
1932,1,0.056810958555809817,1932-01-01
1932,2,0.0560163996948894,1932-02-01
1932,3,0.05561912026442919,1932-03-01
1932,4,0.055221840833968985,1932-04-01
1932,5,0.054427281973048566,1932-05-01
1932,6,0.05403000254258836,1932-06-01
1932,7,0.05403000254258836,1932-07-01
1932,8,0.05363272311212815,1932-08-01
1932,9,0.053235443681667945,1932-09-01
1932,10,0.052838164251207735,1932-10-01
1932,11,0.05244088482074752,1932-11-01
1932,12,0.052043605390287316,1932-12-01
1933,1,0.0512490465293669,1933-01-01
1933,2,0.05045448766844648,1933-02-01
1933,3,0.05005720823798627,1933-03-01
1933,4,0.05005720823798627,1933-04-01
1933,5,0.05005720823798627,1933-05-01
1933,6,0.05045448766844648,1933-06-01
1933,7,0.052043605390287316,1933-07-01
1933,8,0.05244088482074752,1933-08-01
1933,9,0.05244088482074752,1933-09-01
1933,10,0.05244088482074752,1933-10-01
1933,11,0.05244088482074752,1933-11-01
1933,12,0.05244088482074752,1933-12-01
1934,1,0.05244088482074752,1934-01-01
1934,2,0.052838164251207735,1934-02-01
1934,3,0.052838164251207735,1934-03-01
1934,4,0.052838164251207735,1934-04-01
1934,5,0.052838164251207735,1934-05-01
1934,6,0.053235443681667945,1934-06-01
1934,7,0.053235443681667945,1934-07-01
1934,8,0.053235443681667945,1934-08-01
1934,9,0.05403000254258836,1934-09-01
1934,10,0.05363272311212815,1934-10-01
1934,11,0.05363272311212815,1934-11-01
1934,12,0.053235443681667945,1934-12-01
1935,1,0.05403000254258836,1935-01-01
1935,2,0.054427281973048566,1935-02-01
1935,3,0.054427281973048566,1935-03-01
1935,4,0.054824561403508776,1935-04-01
1935,5,0.054824561403508776,1935-05-01
1935,6,0.054427281973048566,1935-06-01
1935,7,0.054427281973048566,1935-07-01
1935,8,0.054427281973048566,1935-08-01
1935,9,0.054427281973048566,1935-09-01
1935,10,0.054427281973048566,1935-10-01
1935,11,0.054824561403508776,1935-11-01
1935,12,0.054824561403508776,1935-12-01
1936,1,0.054824561403508776,1936-01-01
1936,2,0.054824561403508776,1936-02-01
1936,3,0.054427281973048566,1936-03-01
1936,4,0.054427281973048566,1936-04-01
1936,5,0.054427281973048566,1936-05-01
1936,6,0.054824561403508776,1936-06-01
1936,7,0.055221840833968985,1936-07-01
1936,8,0.05561912026442919,1936-08-01
1936,9,0.05561912026442919,1936-09-01
1936,10,0.05561912026442919,1936-10-01
1936,11,0.05561912026442919,1936-11-01
1936,12,0.05561912026442919,1936-12-01
1937,1,0.0560163996948894,1937-01-01
1937,2,0.0560163996948894,1937-02-01
1937,3,0.05641367912534961,1937-03-01
1937,4,0.056810958555809817,1937-04-01
1937,5,0.057208237986270026,1937-05-01
1937,6,0.057208237986270026,1937-06-01
1937,7,0.057605517416730236,1937-07-01
1937,8,0.057605517416730236,1937-08-01
1937,9,0.05800279684719044,1937-09-01
1937,10,0.05800279684719044,1937-10-01
1937,11,0.057605517416730236,1937-11-01
1937,12,0.057208237986270026,1937-12-01
1938,1,0.05641367912534961,1938-01-01
1938,2,0.0560163996948894,1938-02-01
1938,3,0.0560163996948894,1938-03-01
1938,4,0.05641367912534961,1938-04-01
1938,5,0.0560163996948894,1938-05-01
1938,6,0.0560163996948894,1938-06-01
1938,7,0.0560163996948894,1938-07-01
1938,8,0.0560163996948894,1938-08-01
1938,9,0.0560163996948894,1938-09-01
1938,10,0.05561912026442919,1938-10-01
1938,11,0.05561912026442919,1938-11-01
1938,12,0.05561912026442919,1938-12-01
1939,1,0.05561912026442919,1939-01-01
1939,2,0.055221840833968985,1939-02-01
1939,3,0.055221840833968985,1939-03-01
1939,4,0.054824561403508776,1939-04-01
1939,5,0.054824561403508776,1939-05-01
1939,6,0.054824561403508776,1939-06-01
1939,7,0.054824561403508776,1939-07-01
1939,8,0.054824561403508776,1939-08-01
1939,9,0.0560163996948894,1939-09-01
1939,10,0.05561912026442919,1939-10-01
1939,11,0.05561912026442919,1939-11-01
1939,12,0.05561912026442919,1939-12-01
1940,1,0.055221840833968985,1940-01-01
1940,2,0.05561912026442919,1940-02-01
1940,3,0.05561912026442919,1940-03-01
1940,4,0.05561912026442919,1940-04-01
1940,5,0.05561912026442919,1940-05-01
1940,6,0.0560163996948894,1940-06-01
1940,7,0.05561912026442919,1940-07-01
1940,8,0.05561912026442919,1940-08-01
1940,9,0.05561912026442919,1940-09-01
1940,10,0.05561912026442919,1940-10-01
1940,11,0.05561912026442919,1940-11-01
1940,12,0.0560163996948894,1940-12-01
1941,1,0.0560163996948894,1941-01-01
1941,2,0.0560163996948894,1941-02-01
1941,3,0.05641367912534961,1941-03-01
1941,4,0.056810958555809817,1941-04-01
1941,5,0.057208237986270026,1941-05-01
1941,6,0.05840007627765065,1941-06-01
1941,7,0.05840007627765065,1941-07-01
1941,8,0.05919463513857107,1941-08-01
1941,9,0.059989193999491486,1941-09-01
1941,10,0.060783752860411905,1941-10-01
1941,11,0.061181032290872114,1941-11-01
1941,12,0.06157831172133232,1941-12-01
1942,1,0.062372870582252736,1942-01-01
1942,2,0.06277015001271295,1942-02-01
1942,3,0.06356470887363336,1942-03-01
1942,4,0.06396198830409358,1942-04-01
1942,5,0.06475654716501399,1942-05-01
1942,6,0.06475654716501399,1942-06-01
1942,7,0.0651538265954742,1942-07-01
1942,8,0.0655511060259344,1942-08-01
1942,9,0.0655511060259344,1942-09-01
1942,10,0.06634566488685482,1942-10-01
1942,11,0.06674294431731503,1942-11-01
1942,12,0.06714022374777523,1942-12-01
1943,1,0.06714022374777523,1943-01-01
1943,2,0.06714022374777523,1943-02-01
1943,3,0.06833206203915586,1943-03-01
1943,4,0.06912662090007628,1943-04-01
1943,5,0.06952390033053649,1943-05-01
1943,6,0.06952390033053649,1943-06-01
1943,7,0.06912662090007628,1943-07-01
1943,8,0.06872934146961608,1943-08-01
1943,9,0.06912662090007628,1943-09-01
1943,10,0.06912662090007628,1943-10-01
1943,11,0.06912662090007628,1943-11-01
1943,12,0.06912662090007628,1943-12-01
1944,1,0.06912662090007628,1944-01-01
1944,2,0.06912662090007628,1944-02-01
1944,3,0.06912662090007628,1944-03-01
1944,4,0.06952390033053649,1944-04-01
1944,5,0.06952390033053649,1944-05-01
1944,6,0.06992117976099671,1944-06-01
1944,7,0.0703184591914569,1944-07-01
1944,8,0.0703184591914569,1944-08-01
1944,9,0.0703184591914569,1944-09-01
1944,10,0.0703184591914569,1944-10-01
1944,11,0.0703184591914569,1944-11-01
1944,12,0.07071573862191712,1944-12-01
1945,1,0.07071573862191712,1945-01-01
1945,2,0.07071573862191712,1945-02-01
1945,3,0.07071573862191712,1945-03-01
1945,4,0.07071573862191712,1945-04-01
1945,5,0.07111301805237731,1945-05-01
1945,6,0.07190757691329774,1945-06-01
1945,7,0.07190757691329774,1945-07-01
1945,8,0.07190757691329774,1945-08-01
1945,9,0.07190757691329774,1945-09-01
1945,10,0.07190757691329774,1945-10-01
1945,11,0.07190757691329774,1945-11-01
1945,12,0.07230485634375794,1945-12-01
1946,1,0.07230485634375794,1946-01-01
1946,2,0.07190757691329774,1946-02-01
1946,3,0.07270213577421816,1946-03-01
1946,4,0.07309941520467836,1946-04-01
1946,5,0.07349669463513857,1946-05-01
1946,6,0.07429125349605899,1946-06-01
1946,7,0.07866132723112129,1946-07-01
1946,8,0.08025044495296212,1946-08-01
1946,9,0.08104500381388254,1946-09-01
1946,10,0.08263412153572337,1946-10-01
1946,11,0.08462051868802442,1946-11-01
1946,12,0.08541507754894483,1946-12-01
1947,1,0.08541507754894483,1947-01-01
1947,2,0.08541507754894483,1947-02-01
1947,3,0.08700419527078566,1947-03-01
1947,4,0.08700419527078566,1947-04-01
1947,5,0.08700419527078566,1947-05-01
1947,6,0.08740147470124587,1947-06-01
1947,7,0.08819603356216629,1947-07-01
1947,8,0.08938787185354692,1947-08-01
1947,9,0.09137426900584796,1947-09-01
1947,10,0.09137426900584796,1947-10-01
1947,11,0.09177154843630816,1947-11-01
1947,12,0.09296338672768878,1947-12-01
1948,1,0.09415522501906941,1948-01-01
1948,2,0.093360666158149,1948-02-01
1948,3,0.09296338672768878,1948-03-01
1948,4,0.09455250444952963,1948-04-01
1948,5,0.09494978387998983,1948-05-01
1948,6,0.09574434274091026,1948-06-01
1948,7,0.09693618103229087,1948-07-01
1948,8,0.09733346046275108,1948-08-01
1948,9,0.09733346046275108,1948-09-01
1948,10,0.09693618103229087,1948-10-01
1948,11,0.09614162217137046,1948-11-01
1948,12,0.09574434274091026,1948-12-01
1949,1,0.09534706331045004,1949-01-01
1949,2,0.09455250444952963,1949-02-01
1949,3,0.09455250444952963,1949-03-01
1949,4,0.09494978387998983,1949-04-01
1949,5,0.09455250444952963,1949-05-01
1949,6,0.09494978387998983,1949-06-01
1949,7,0.09415522501906941,1949-07-01
1949,8,0.09455250444952963,1949-08-01
1949,9,0.09494978387998983,1949-09-01
1949,10,0.09415522501906941,1949-10-01
1949,11,0.09455250444952963,1949-11-01
1949,12,0.09375794558860921,1949-12-01
1950,1,0.093360666158149,1950-01-01
1950,2,0.093360666158149,1950-02-01
1950,3,0.09375794558860921,1950-03-01
1950,4,0.09375794558860921,1950-04-01
1950,5,0.09415522501906941,1950-05-01
1950,6,0.09455250444952963,1950-06-01
1950,7,0.09574434274091026,1950-07-01
1950,8,0.09653890160183067,1950-08-01
1950,9,0.09693618103229087,1950-09-01
1950,10,0.0977307398932113,1950-10-01
1950,11,0.0981280193236715,1950-11-01
1950,12,0.09931985761505213,1950-12-01
1951,1,0.10090897533689296,1951-01-01
1951,2,0.10210081362827358,1951-02-01
1951,3,0.1024980930587338,1951-03-01
1951,4,0.1024980930587338,1951-04-01
1951,5,0.102895372489194,1951-05-01
1951,6,0.102895372489194,1951-06-01
1951,7,0.102895372489194,1951-07-01
1951,8,0.102895372489194,1951-08-01
1951,9,0.10368993135011442,1951-09-01
1951,10,0.10408721078057463,1951-10-01
1951,11,0.10488176964149504,1951-11-01
1951,12,0.10527904907195526,1951-12-01
1952,1,0.10527904907195526,1952-01-01
1952,2,0.10448449021103484,1952-02-01
1952,3,0.10448449021103484,1952-03-01
1952,4,0.10488176964149504,1952-04-01
1952,5,0.10488176964149504,1952-05-01
1952,6,0.10527904907195526,1952-06-01
1952,7,0.10607360793287567,1952-07-01
1952,8,0.10607360793287567,1952-08-01
1952,9,0.10607360793287567,1952-09-01
1952,10,0.10607360793287567,1952-10-01
1952,11,0.10607360793287567,1952-11-01
1952,12,0.10607360793287567,1952-12-01
1953,1,0.10567632850241547,1953-01-01
1953,2,0.10527904907195526,1953-02-01
1953,3,0.10567632850241547,1953-03-01
1953,4,0.10567632850241547,1953-04-01
1953,5,0.10607360793287567,1953-05-01
1953,6,0.10647088736333589,1953-06-01
1953,7,0.10647088736333589,1953-07-01
1953,8,0.10686816679379608,1953-08-01
1953,9,0.10686816679379608,1953-09-01
1953,10,0.1072654462242563,1953-10-01
1953,11,0.10686816679379608,1953-11-01
1953,12,0.10686816679379608,1953-12-01
1954,1,0.10686816679379608,1954-01-01
1954,2,0.10686816679379608,1954-02-01
1954,3,0.10686816679379608,1954-03-01
1954,4,0.10647088736333589,1954-04-01
1954,5,0.10686816679379608,1954-05-01
1954,6,0.10686816679379608,1954-06-01
1954,7,0.10686816679379608,1954-07-01
1954,8,0.10686816679379608,1954-08-01
1954,9,0.10647088736333589,1954-09-01
1954,10,0.10647088736333589,1954-10-01
1954,11,0.10647088736333589,1954-11-01
1954,12,0.10607360793287567,1954-12-01
1955,1,0.10607360793287567,1955-01-01
1955,2,0.10607360793287567,1955-02-01
1955,3,0.10607360793287567,1955-03-01
1955,4,0.10607360793287567,1955-04-01
1955,5,0.10607360793287567,1955-05-01
1955,6,0.10607360793287567,1955-06-01
1955,7,0.10647088736333589,1955-07-01
1955,8,0.10647088736333589,1955-08-01
1955,9,0.10686816679379608,1955-09-01
1955,10,0.10686816679379608,1955-10-01
1955,11,0.10686816679379608,1955-11-01
1955,12,0.10647088736333589,1955-12-01
1956,1,0.10647088736333589,1956-01-01
1956,2,0.10647088736333589,1956-02-01
1956,3,0.10647088736333589,1956-03-01
1956,4,0.10686816679379608,1956-04-01
1956,5,0.1072654462242563,1956-05-01
1956,6,0.10806000508517671,1956-06-01
1956,7,0.10885456394609713,1956-07-01
1956,8,0.10845728451563692,1956-08-01
1956,9,0.10885456394609713,1956-09-01
1956,10,0.10925184337655734,1956-10-01
1956,11,0.10925184337655734,1956-11-01
1956,12,0.10964912280701755,1956-12-01
1957,1,0.10964912280701755,1957-01-01
1957,2,0.11004640223747776,1957-02-01
1957,3,0.11044368166793797,1957-03-01
1957,4,0.11084096109839817,1957-04-01
1957,5,0.11123824052885838,1957-05-01
1957,6,0.1116355199593186,1957-06-01
1957,7,0.112430078820239,1957-07-01
1957,8,0.112430078820239,1957-08-01
1957,9,0.112430078820239,1957-09-01
1957,10,0.112430078820239,1957-10-01
1957,11,0.11282735825069921,1957-11-01
1957,12,0.11282735825069921,1957-12-01
1958,1,0.11362191711161963,1958-01-01
1958,2,0.11362191711161963,1958-02-01
1958,3,0.11441647597254005,1958-03-01
1958,4,0.11481375540300025,1958-04-01
1958,5,0.11481375540300025,1958-05-01
1958,6,0.11481375540300025,1958-06-01
1958,7,0.11521103483346047,1958-07-01
1958,8,0.11481375540300025,1958-08-01
1958,9,0.11481375540300025,1958-09-01
1958,10,0.11481375540300025,1958-10-01
1958,11,0.11521103483346047,1958-11-01
1958,12,0.11481375540300025,1958-12-01
1959,1,0.11521103483346047,1959-01-01
1959,2,0.11481375540300025,1959-02-01
1959,3,0.11481375540300025,1959-03-01
1959,4,0.11521103483346047,1959-04-01
1959,5,0.11521103483346047,1959-05-01
1959,6,0.11560831426392068,1959-06-01
1959,7,0.11600559369438088,1959-07-01
1959,8,0.11600559369438088,1959-08-01
1959,9,0.1164028731248411,1959-09-01
1959,10,0.1168001525553013,1959-10-01
1959,11,0.1168001525553013,1959-11-01
1959,12,0.1168001525553013,1959-12-01
1960,1,0.1164028731248411,1960-01-01
1960,2,0.1168001525553013,1960-02-01
1960,3,0.1168001525553013,1960-03-01
1960,4,0.1171974319857615,1960-04-01
1960,5,0.1171974319857615,1960-05-01
1960,6,0.11759471141622173,1960-06-01
1960,7,0.11759471141622173,1960-07-01
1960,8,0.11759471141622173,1960-08-01
1960,9,0.11759471141622173,1960-09-01
1960,10,0.11838927027714213,1960-10-01
1960,11,0.11838927027714213,1960-11-01
1960,12,0.11838927027714213,1960-12-01
1961,1,0.11838927027714213,1961-01-01
1961,2,0.11838927027714213,1961-02-01
1961,3,0.11838927027714213,1961-03-01
1961,4,0.11838927027714213,1961-04-01
1961,5,0.11838927027714213,1961-05-01
1961,6,0.11838927027714213,1961-06-01
1961,7,0.11918382913806255,1961-07-01
1961,8,0.11878654970760234,1961-08-01
1961,9,0.11918382913806255,1961-09-01
1961,10,0.11918382913806255,1961-10-01
1961,11,0.11918382913806255,1961-11-01
1961,12,0.11918382913806255,1961-12-01
1962,1,0.11918382913806255,1962-01-01
1962,2,0.11958110856852276,1962-02-01
1962,3,0.11958110856852276,1962-03-01
1962,4,0.11997838799898297,1962-04-01
1962,5,0.11997838799898297,1962-05-01
1962,6,0.11997838799898297,1962-06-01
1962,7,0.12037566742944318,1962-07-01
1962,8,0.12037566742944318,1962-08-01
1962,9,0.12077294685990338,1962-09-01
1962,10,0.12077294685990338,1962-10-01
1962,11,0.12077294685990338,1962-11-01
1962,12,0.12077294685990338,1962-12-01
1963,1,0.12077294685990338,1963-01-01
1963,2,0.12077294685990338,1963-02-01
1963,3,0.1211702262903636,1963-03-01
1963,4,0.1211702262903636,1963-04-01
1963,5,0.1211702262903636,1963-05-01
1963,6,0.12156750572082381,1963-06-01
1963,7,0.121964785151284,1963-07-01
1963,8,0.121964785151284,1963-08-01
1963,9,0.121964785151284,1963-09-01
1963,10,0.12236206458174423,1963-10-01
1963,11,0.12236206458174423,1963-11-01
1963,12,0.12275934401220442,1963-12-01
1964,1,0.12275934401220442,1964-01-01
1964,2,0.12275934401220442,1964-02-01
1964,3,0.12275934401220442,1964-03-01
1964,4,0.12275934401220442,1964-04-01
1964,5,0.12275934401220442,1964-05-01
1964,6,0.12315662344266463,1964-06-01
1964,7,0.12355390287312486,1964-07-01
1964,8,0.12315662344266463,1964-08-01
1964,9,0.12355390287312486,1964-09-01
1964,10,0.12355390287312486,1964-10-01
1964,11,0.12395118230358505,1964-11-01
1964,12,0.12395118230358505,1964-12-01
1965,1,0.12395118230358505,1965-01-01
1965,2,0.12395118230358505,1965-02-01
1965,3,0.12434846173404526,1965-03-01
1965,4,0.12474574116450547,1965-04-01
1965,5,0.12474574116450547,1965-05-01
1965,6,0.1255403000254259,1965-06-01
1965,7,0.1255403000254259,1965-07-01
1965,8,0.1255403000254259,1965-08-01
1965,9,0.1255403000254259,1965-09-01
1965,10,0.1259375794558861,1965-10-01
1965,11,0.1259375794558861,1965-11-01
1965,12,0.1263348588863463,1965-12-01
1966,1,0.1263348588863463,1966-01-01
1966,2,0.12712941774726672,1966-02-01
1966,3,0.12752669717772694,1966-03-01
1966,4,0.12832125603864733,1966-04-01
1966,5,0.12832125603864733,1966-05-01
1966,6,0.12871853546910755,1966-06-01
1966,7,0.12911581489956778,1966-07-01
1966,8,0.1299103737604882,1966-08-01
1966,9,0.1299103737604882,1966-09-01
1966,10,0.1307049326214086,1966-10-01
1966,11,0.1307049326214086,1966-11-01
1966,12,0.1307049326214086,1966-12-01
1967,1,0.1307049326214086,1967-01-01
1967,2,0.1307049326214086,1967-02-01
1967,3,0.1311022120518688,1967-03-01
1967,4,0.13149949148232903,1967-04-01
1967,5,0.13189677091278923,1967-05-01
1967,6,0.13229405034324943,1967-06-01
1967,7,0.13269132977370965,1967-07-01
1967,8,0.13308860920416984,1967-08-01
1967,9,0.13348588863463007,1967-09-01
1967,10,0.1338831680650903,1967-10-01
1967,11,0.13428044749555046,1967-11-01
1967,12,0.13467772692601068,1967-12-01
1968,1,0.1354722857869311,1968-01-01
1968,2,0.13586956521739132,1968-02-01
1968,3,0.13626684464785152,1968-03-01
1968,4,0.13666412407831172,1968-04-01
1968,5,0.13706140350877194,1968-05-01
1968,6,0.13785596236969236,1968-06-01
1968,7,0.13865052123061278,1968-07-01
1968,8,0.13904780066107297,1968-08-01
1968,9,0.1394450800915332,1968-09-01
1968,10,0.1402396389524536,1968-10-01
1968,11,0.1406369183829138,1968-11-01
1968,12,0.141034197813374,1968-12-01
1969,1,0.14143147724383423,1969-01-01
1969,2,0.14222603610475462,1969-02-01
1969,3,0.14341787439613526,1969-03-01
1969,4,0.14421243325705568,1969-04-01
1969,5,0.14460971268751588,1969-05-01
1969,6,0.14540427154843633,1969-06-01
1969,7,0.14619883040935672,1969-07-01
1969,8,0.14699338927027714,1969-08-01
1969,9,0.14739066870073736,1969-09-01
1969,10,0.14818522756165775,1969-10-01
1969,11,0.1489797864225782,1969-11-01
1969,12,0.14977434528349862,1969-12-01
1970,1,0.1501716247139588,1970-01-01
1970,2,0.15096618357487923,1970-02-01
1970,3,0.15176074243579965,1970-03-01
1970,4,0.15295258072718027,1970-04-01
1970,5,0.1533498601576405,1970-05-01
1970,6,0.15414441901856088,1970-06-01
1970,7,0.15493897787948133,1970-07-01
1970,8,0.15493897787948133,1970-08-01
1970,9,0.15573353674040175,1970-09-01
1970,10,0.15652809560132214,1970-10-01
1970,11,0.15732265446224258,1970-11-01
1970,12,0.15811721332316298,1970-12-01
1971,1,0.15811721332316298,1971-01-01
1971,2,0.1585144927536232,1971-02-01
1971,3,0.1589117721840834,1971-03-01
1971,4,0.15930905161454362,1971-04-01
1971,5,0.160103610475464,1971-05-01
1971,6,0.16129544876684465,1971-06-01
1971,7,0.16169272819730487,1971-07-01
1971,8,0.16209000762776507,1971-08-01
1971,9,0.16209000762776507,1971-09-01
1971,10,0.16248728705822527,1971-10-01
1971,11,0.16248728705822527,1971-11-01
1971,12,0.1632818459191457,1971-12-01
1972,1,0.1632818459191457,1972-01-01
1972,2,0.1640764047800661,1972-02-01
1972,3,0.16447368421052633,1972-03-01
1972,4,0.16487096364098652,1972-04-01
1972,5,0.16526824307144675,1972-05-01
1972,6,0.16566552250190697,1972-06-01
1972,7,0.16646008136282736,1972-07-01
1972,8,0.16685736079328758,1972-08-01
1972,9,0.16725464022374778,1972-09-01
1972,10,0.1680491990846682,1972-10-01
1972,11,0.1684464785151284,1972-11-01
1972,12,0.16884375794558862,1972-12-01
1973,1,0.16924103737604884,1973-01-01
1973,2,0.17043287566742946,1973-02-01
1973,3,0.17202199338927027,1973-03-01
1973,4,0.1732138316806509,1973-04-01
1973,5,0.17440566997203152,1973-05-01
1973,6,0.17559750826341217,1973-06-01
1973,7,0.17599478769387236,1973-07-01
1973,8,0.17917302313755404,1973-08-01
1973,9,0.17957030256801426,1973-09-01
1973,10,0.1811594202898551,1973-10-01
1973,11,0.1823512585812357,1973-11-01
1973,12,0.18354309687261633,1973-12-01
1974,1,0.18513221459445717,1974-01-01
1974,2,0.18751589117721842,1974-02-01
1974,3,0.18989956775997965,1974-03-01
1974,4,0.19069412662090007,1974-04-01
1974,5,0.19307780320366133,1974-05-01
1974,6,0.19466692092550217,1974-06-01
1974,7,0.196256038647343,1974-07-01
1974,8,0.19863971523010426,1974-08-01
1974,9,0.20102339181286552,1974-09-01
1974,10,0.20300978896516655,1974-10-01
1974,11,0.2045989066870074,1974-11-01
1974,12,0.2061880244088482,1974-12-01
1975,1,0.20698258326976865,1975-01-01
1975,2,0.20857170099160946,1975-02-01
1975,3,0.2093662598525299,1975-03-01
1975,4,0.2101608187134503,1975-04-01
1975,5,0.21135265700483094,1975-05-01
1975,6,0.21294177472667178,1975-06-01
1975,7,0.21532545130943304,1975-07-01
1975,8,0.2157227307398932,1975-08-01
1975,9,0.21691456903127385,1975-09-01
1975,10,0.21810640732265446,1975-10-01
1975,11,0.2196955250444953,1975-11-01
1975,12,0.22049008390541572,1975-12-01
1976,1,0.22088736333587594,1976-01-01
1976,2,0.22168192219679633,1976-02-01
1976,3,0.22207920162725656,1976-03-01
1976,4,0.22287376048817698,1976-04-01
1976,5,0.2244628782100178,1976-05-01
1976,6,0.22565471650139843,1976-06-01
1976,7,0.22684655479277907,1976-07-01
1976,8,0.22803839308415969,1976-08-01
1976,9,0.2288329519450801,1976-09-01
1976,10,0.23002479023646072,1976-10-01
1976,11,0.23042206966692094,1976-11-01
1976,12,0.23121662852784136,1976-12-01
1977,1,0.23240846681922198,1977-01-01
1977,2,0.23479214340198323,1977-02-01
1977,3,0.23638126112382407,1977-03-01
1977,4,0.2383676582761251,1977-04-01
1977,5,0.23955949656750572,1977-05-01
1977,6,0.24114861428934659,1977-06-01
1977,7,0.2423404525807272,1977-07-01
1977,8,0.24313501144164762,1977-08-01
1977,9,0.243929570302568,1977-09-01
1977,10,0.24472412916348846,1977-10-01
1977,11,0.24591596745486907,1977-11-01
1977,12,0.2467105263157895,1977-12-01
1978,1,0.24829964403763033,1978-01-01
1978,2,0.24988876175947114,1978-02-01
1978,3,0.2518751589117722,1978-03-01
1978,4,0.25386155606407323,1978-04-01
1978,5,0.25624523264683446,1978-05-01
1978,6,0.25902618866005594,1978-06-01
1978,7,0.261012585812357,1978-07-01
1978,8,0.2622044241037376,1978-08-01
1978,9,0.26419082125603865,1978-09-01
1978,10,0.2665744978387999,1978-10-01
1978,11,0.2677663361301806,1978-11-01
1978,12,0.26895817442156117,1978-12-01
1979,1,0.2713418510043224,1979-01-01
1979,2,0.2745200864480041,1979-02-01
1979,3,0.27730104246122556,1979-03-01
1979,4,0.2804792779049072,1979-04-01
1979,5,0.2840547927790491,1979-05-01
1979,6,0.2872330282227307,1979-06-01
1979,7,0.2904112636664124,1979-07-01
1979,8,0.2931922196796339,1979-08-01
1979,9,0.2963704551233155,1979-09-01
1979,10,0.2987541317060768,1979-10-01
1979,11,0.30153508771929827,1979-11-01
1979,12,0.30471332316297994,1979-12-01
1980,1,0.3090833968980422,1980-01-01
1980,2,0.3134534706331045,1980-02-01
1980,3,0.318220823798627,1980-03-01
1980,4,0.3217963386727689,1980-04-01
1980,5,0.32497457411645053,1980-05-01
1980,6,0.32855008899059246,1980-06-01
1980,7,0.32855008899059246,1980-07-01
1980,8,0.3309337655733537,1980-08-01
1980,9,0.33371472158657517,1980-09-01
1980,10,0.3368929570302568,1980-10-01
1980,11,0.33967391304347827,1980-11-01
1980,12,0.34285214848715995,1980-12-01
1981,1,0.3456331045003814,1981-01-01
1981,2,0.3492086193745233,1981-02-01
1981,3,0.35159229595728453,1981-03-01
1981,4,0.35397597254004576,1981-04-01
1981,5,0.35675692855326724,1981-05-01
1981,6,0.3599351639969489,1981-06-01
1981,7,0.363907958301551,1981-07-01
1981,8,0.36668891431477246,1981-08-01
1981,9,0.37026442918891433,1981-09-01
1981,10,0.3710589880498348,1981-10-01
1981,11,0.37225082634121537,1981-11-01
1981,12,0.373442664632596,1981-12-01
1982,1,0.3746345029239766,1982-01-01
1982,2,0.37582634121535724,1982-02-01
1982,3,0.37542906178489704,1982-03-01
1982,4,0.3770181795067379,1982-04-01
1982,5,0.38059369438087975,1982-05-01
1982,6,0.38536104754640227,1982-06-01
1982,7,0.3873474446987033,1982-07-01
1982,8,0.38814200355962375,1982-08-01
1982,9,0.38893656242054414,1982-09-01
1982,10,0.3901284007119248,1982-10-01
1982,11,0.38933384185100434,1982-11-01
1982,12,0.3877447241291635,1982-12-01
1983,1,0.3885392829900839,1983-01-01
1983,2,0.38893656242054414,1983-02-01
1983,3,0.38893656242054414,1983-03-01
1983,4,0.39171751843376557,1983-04-01
1983,5,0.39410119501652685,1983-05-01
1983,6,0.3952930333079075,1983-06-01
1983,7,0.39688215102974833,1983-07-01
1983,8,0.3980739893211289,1983-08-01
1983,9,0.40006038647343,1983-09-01
1983,10,0.4012522247648106,1983-10-01
1983,11,0.40204678362573104,1983-11-01
1983,12,0.4024440630561912,1983-12-01
1984,1,0.40482773963895247,1984-01-01
1984,2,0.40681413679125356,1984-02-01
1984,3,0.4076086956521739,1984-03-01
1984,4,0.4095950928044749,1984-04-01
1984,5,0.4107869310958556,1984-05-01
1984,6,0.4119787693872362,1984-06-01
1984,7,0.41356788710907705,1984-07-01
1984,8,0.4151570048309179,1984-08-01
1984,9,0.4171434019832189,1984-09-01
1984,10,0.41833524027459956,1984-10-01
1984,11,0.41833524027459956,1984-11-01
1984,12,0.41833524027459956,1984-12-01
1985,1,0.41912979913551995,1985-01-01
1985,2,0.42111619628782104,1985-02-01
1985,3,0.4227053140096619,1985-03-01
1985,4,0.4246917111619629,1985-04-01
1985,5,0.4262808288838037,1985-05-01
1985,6,0.42747266717518434,1985-06-01
1985,7,0.4282672260361048,1985-07-01
1985,8,0.4290617848970252,1985-08-01
1985,9,0.4302536231884058,1985-09-01
1985,10,0.43184274091024666,1985-10-01
1985,11,0.4330345792016273,1985-11-01
1985,12,0.4342264174930079,1985-12-01
1986,1,0.43541825578438853,1986-01-01
1986,2,0.4342264174930079,1986-02-01
1986,3,0.43224002034070685,1986-03-01
1986,4,0.4314454614797864,1986-04-01
1986,5,0.4326372997711671,1986-05-01
1986,6,0.43502097635392833,1986-06-01
1986,7,0.43502097635392833,1986-07-01
1986,8,0.4358155352148487,1986-08-01
1986,9,0.4378019323671498,1986-09-01
1986,10,0.43819921179760996,1986-10-01
1986,11,0.4385964912280702,1986-11-01
1986,12,0.4389937706585304,1986-12-01
1987,1,0.4417747266717519,1987-01-01
1987,2,0.44336384439359267,1987-02-01
1987,3,0.4453502415458937,1987-03-01
1987,4,0.447733918128655,1987-04-01
1987,5,0.4493230358504958,1987-05-01
1987,6,0.45091215357233666,1987-06-01
1987,7,0.45210399186371725,1987-07-01
1987,8,0.45448766844647853,1987-08-01
1987,9,0.45687134502923976,1987-09-01
1987,10,0.4580631833206204,1987-10-01
1987,11,0.45846046275108066,1987-11-01
1987,12,0.45846046275108066,1987-12-01
1988,1,0.45965230104246124,1988-01-01
1988,2,0.4608441393338419,1988-02-01
1988,3,0.4628305364861429,1988-03-01
1988,4,0.46521421306890415,1988-04-01
1988,5,0.466803330790745,1988-05-01
1988,6,0.468789727943046,1988-06-01
1988,7,0.4707761250953471,1988-07-01
1988,8,0.47276252224764814,1988-08-01
1988,9,0.47594075769132976,1988-09-01
1988,10,0.47752987541317066,1988-10-01
1988,11,0.47792715484363085,1988-11-01
1988,12,0.47872171370455124,1988-12-01
1989,1,0.4811053902873125,1989-01-01
1989,2,0.4830917874396135,1989-02-01
1989,3,0.485872743452835,1989-03-01
1989,4,0.48905097889651666,1989-04-01
1989,5,0.49183193490973814,1989-05-01
1989,6,0.49302377320111873,1989-06-01
1989,7,0.49421561149249943,1989-07-01
1989,8,0.49501017035341977,1989-08-01
1989,9,0.49659928807526066,1989-09-01
1989,10,0.4989829646580219,1989-10-01
1989,11,0.5001748029494025,1989-11-01
1989,12,0.5009693618103229,1989-12-01
1990,1,0.5061339944063057,1990-01-01
1990,2,0.5085176709890669,1990-02-01
1990,3,0.5112986270022883,1990-03-01
1990,4,0.5120931858632088,1990-04-01
1990,5,0.5132850241545893,1990-05-01
1990,6,0.5160659801678109,1990-06-01
1990,7,0.5180523773201119,1990-07-01
1990,8,0.5228197304856343,1990-08-01
1990,9,0.5271898042206966,1990-09-01
1990,10,0.5303680396643784,1990-10-01
1990,11,0.531559877955759,1990-11-01
1990,12,0.531559877955759,1990-12-01
1991,1,0.5347381133994407,1991-01-01
1991,2,0.5355326722603612,1991-02-01
1991,3,0.5363272311212814,1991-03-01
1991,4,0.5371217899822018,1991-04-01
1991,5,0.5387109077040427,1991-05-01
1991,6,0.5403000254258836,1991-06-01
1991,7,0.5410945842868039,1991-07-01
1991,8,0.5426837020086448,1991-08-01
1991,9,0.5450673785914061,1991-09-01
1991,10,0.5458619374523265,1991-10-01
1991,11,0.5474510551741674,1991-11-01
1991,12,0.5478483346046276,1991-12-01
1992,1,0.548642893465548,1992-01-01
1992,2,0.5506292906178489,1992-02-01
1992,3,0.5534102466310705,1992-03-01
1992,4,0.5542048054919909,1992-04-01
1992,5,0.5549993643529112,1992-05-01
1992,6,0.5569857615052123,1992-06-01
1992,7,0.558177599796593,1992-07-01
1992,8,0.5597667175184338,1992-08-01
1992,9,0.5613558352402747,1992-09-01
1992,10,0.5633422323925757,1992-10-01
1992,11,0.564136791253496,1992-11-01
1992,12,0.5637395118230359,1992-12-01
1993,1,0.5665204678362573,1993-01-01
1993,2,0.5685068649885584,1993-02-01
1993,3,0.5704932621408594,1993-03-01
1993,4,0.5720823798627003,1993-04-01
1993,5,0.5728769387236207,1993-05-01
1993,6,0.5736714975845411,1993-06-01
1993,7,0.5736714975845411,1993-07-01
1993,8,0.575260615306382,1993-08-01
1993,9,0.5764524535977625,1993-09-01
1993,10,0.5788361301805237,1993-10-01
1993,11,0.579233409610984,1993-11-01
1993,12,0.579233409610984,1993-12-01
1994,1,0.5808225273328248,1994-01-01
1994,2,0.5828089244851259,1994-02-01
1994,3,0.5847953216374269,1994-03-01
1994,4,0.5855898804983474,1994-04-01
1994,5,0.5859871599288076,1994-05-01
1994,6,0.5879735570811085,1994-06-01
1994,7,0.5895626748029494,1994-07-01
1994,8,0.5919463513857107,1994-08-01
1994,9,0.5935354691075515,1994-09-01
1994,10,0.5939327485380117,1994-10-01
1994,11,0.5947273073989321,1994-11-01
1994,12,0.5947273073989321,1994-12-01
1995,1,0.5971109839816935,1995-01-01
1995,2,0.5994946605644547,1995-02-01
1995,3,0.6014810577167558,1995-03-01
1995,4,0.6034674548690567,1995-04-01
1995,5,0.6046592931604373,1995-05-01
1995,6,0.605851131451818,1995-06-01
1995,7,0.605851131451818,1995-07-01
1995,8,0.6074402491736588,1995-08-01
1995,9,0.6086320874650394,1995-09-01
1995,10,0.6106184846173405,1995-10-01
1995,11,0.6102212051868803,1995-11-01
1995,12,0.6098239257564201,1995-12-01
1996,1,0.613399440630562,1996-01-01
1996,2,0.615385837782863,1996-02-01
1996,3,0.6185640732265446,1996-03-01
1996,4,0.6209477498093059,1996-04-01
1996,5,0.6221395881006865,1996-05-01
1996,6,0.6225368675311467,1996-06-01
1996,7,0.6237287058225274,1996-07-01
1996,8,0.6249205441139081,1996-08-01
1996,9,0.626906941266209,1996-09-01
1996,10,0.6288933384185101,1996-10-01
1996,11,0.6300851767098907,1996-11-01
1996,12,0.6300851767098907,1996-12-01
1997,1,0.6320715738621917,1997-01-01
1997,2,0.6340579710144928,1997-02-01
1997,3,0.6356470887363336,1997-03-01
1997,4,0.636441647597254,1997-04-01
1997,5,0.6360443681667938,1997-05-01
1997,6,0.6368389270277143,1997-06-01
1997,7,0.6376334858886347,1997-07-01
1997,8,0.6388253241800154,1997-08-01
1997,9,0.640414441901856,1997-09-01
1997,10,0.6420035596236969,1997-10-01
1997,11,0.6416062801932367,1997-11-01
1997,12,0.6408117213323163,1997-12-01
1998,1,0.6420035596236969,1998-01-01
1998,2,0.6431953979150776,1998-02-01
1998,3,0.6443872362064581,1998-03-01
1998,4,0.6455790744978388,1998-04-01
1998,5,0.6467709127892195,1998-05-01
1998,6,0.6475654716501399,1998-06-01
1998,7,0.6483600305110603,1998-07-01
1998,8,0.6491545893719807,1998-08-01
1998,9,0.6499491482329011,1998-09-01
1998,10,0.651538265954742,1998-10-01
1998,11,0.651538265954742,1998-11-01
1998,12,0.6511409865242818,1998-12-01
1999,1,0.6527301042461227,1999-01-01
1999,2,0.653524663107043,1999-02-01
1999,3,0.655511060259344,1999-03-01
1999,4,0.6602784134248665,1999-04-01
1999,5,0.6602784134248665,1999-05-01
1999,6,0.6602784134248665,1999-06-01
1999,7,0.6622648105771676,1999-07-01
1999,8,0.6638539282990084,1999-08-01
1999,9,0.6670321637426901,1999-09-01
1999,10,0.6682240020340706,1999-10-01
1999,11,0.6686212814645309,1999-11-01
1999,12,0.6686212814645309,1999-12-01
2000,1,0.670607678616832,2000-01-01
2000,2,0.6745804729214341,2000-02-01
2000,3,0.6801423849478769,2000-03-01
2000,4,0.6805396643783372,2000-04-01
2000,5,0.6813342232392576,2000-05-01
2000,6,0.6849097381133995,2000-06-01
2000,7,0.6864988558352404,2000-07-01
2000,8,0.6864988558352404,2000-08-01
2000,9,0.6900743707093822,2000-09-01
2000,10,0.6912662090007629,2000-10-01
2000,11,0.6916634884312229,2000-11-01
2000,12,0.6912662090007629,2000-12-01
2001,1,0.6956362827358251,2001-01-01
2001,2,0.6984172387490466,2001-02-01
2001,3,0.7000063564708874,2001-03-01
2001,4,0.7027873124841089,2001-04-01
2001,5,0.7059655479277904,2001-05-01
2001,6,0.7071573862191711,2001-06-01
2001,7,0.7051709890668701,2001-07-01
2001,8,0.7051709890668701,2001-08-01
2001,9,0.7083492245105518,2001-09-01
2001,10,0.7059655479277904,2001-10-01
2001,11,0.70477370963641,2001-11-01
2001,12,0.7019927536231884,2001-12-01
2002,1,0.7035818713450293,2002-01-01
2002,2,0.7063628273582507,2002-02-01
2002,3,0.7103356216628529,2002-03-01
2002,4,0.714308415967455,2002-04-01
2002,5,0.714308415967455,2002-05-01
2002,6,0.7147056953979152,2002-06-01
2002,7,0.7155002542588355,2002-07-01
2002,8,0.7178839308415967,2002-08-01
2002,9,0.7190757691329774,2002-09-01
2002,10,0.720267607424358,2002-10-01
2002,11,0.720267607424358,2002-11-01
2002,12,0.7186784897025172,2002-12-01
2003,1,0.7218567251461988,2003-01-01
2003,2,0.7274186371726418,2003-02-01
2003,3,0.731788710907704,2003-03-01
2003,4,0.7301995931858632,2003-04-01
2003,5,0.7290077548944827,2003-05-01
2003,6,0.7298023137554029,2003-06-01
2003,7,0.7305968726163234,2003-07-01
2003,8,0.7333778286295449,2003-08-01
2003,9,0.7357615052123061,2003-09-01
2003,10,0.7349669463513857,2003-10-01
2003,11,0.7329805491990847,2003-11-01
2003,12,0.7321859903381643,2003-12-01
2004,1,0.7357615052123061,2004-01-01
2004,2,0.7397342995169082,2004-02-01
2004,3,0.7445016526824307,2004-03-01
2004,4,0.746885329265192,2004-04-01
2004,5,0.7512554030002543,2004-05-01
2004,6,0.7536390795830155,2004-06-01
2004,7,0.752447241291635,2004-07-01
2004,8,0.7528445207220952,2004-08-01
2004,9,0.754433638443936,2004-09-01
2004,10,0.758406432748538,2004-10-01
2004,11,0.7588037121789982,2004-11-01
2004,12,0.7560227561657769,2004-12-01
2005,1,0.7576118738876176,2005-01-01
2005,2,0.76198194762268,2005-02-01
2005,3,0.7679411390795831,2005-03-01
2005,4,0.7731057716755657,2005-04-01
2005,5,0.7723112128146453,2005-05-01
2005,6,0.7727084922451055,2005-06-01
2005,7,0.7762840071192475,2005-07-01
2005,8,0.7802568014238496,2005-08-01
2005,9,0.7897915077548946,2005-09-01
2005,10,0.7913806254767353,2005-10-01
2005,11,0.785024154589372,2005-11-01
2005,12,0.7818459191456903,2005-12-01
2006,1,0.7878051106025935,2006-01-01
2006,2,0.7893942283244343,2006-02-01
2006,3,0.7937643020594967,2006-03-01
2006,4,0.8005180523773201,2006-04-01
2006,5,0.8044908466819223,2006-05-01
2006,6,0.8060799644037631,2006-06-01
2006,7,0.8084636409865243,2006-07-01
2006,8,0.8100527587083651,2006-08-01
2006,9,0.8060799644037631,2006-09-01
2006,10,0.8017098906687008,2006-10-01
2006,11,0.8005180523773201,2006-11-01
2006,12,0.8017098906687008,2006-12-01
2007,1,0.8040935672514621,2007-01-01
2007,2,0.8084636409865243,2007-02-01
2007,3,0.8160119501652683,2007-03-01
2007,4,0.8211765827612509,2007-04-01
2007,5,0.8259439359267735,2007-05-01
2007,6,0.8279303330790746,2007-06-01
2007,7,0.8275330536486144,2007-07-01
2007,8,0.8259439359267735,2007-08-01
2007,9,0.8283276125095348,2007-09-01
2007,10,0.8299167302313756,2007-10-01
2007,11,0.8350813628273582,2007-11-01
2007,12,0.8342868039664378,2007-12-01
2008,1,0.8386568777015001,2008-01-01
2008,2,0.8410405542842614,2008-02-01
2008,3,0.8481915840325451,2008-03-01
2008,4,0.8533562166285279,2008-04-01
2008,5,0.8605072463768116,2008-05-01
2008,6,0.8692473938469363,2008-06-01
2008,7,0.873871726417493,2008-07-01
2008,8,0.8703836130180524,2008-08-01
2008,9,0.8691798563437579,2008-09-01
2008,10,0.8603999809305874,2008-10-01
2008,11,0.843920830155098,2008-11-01
2008,12,0.8351926010678872,2008-12-01
2009,1,0.8388277078565981,2009-01-01
2009,2,0.8429991418764303,2009-02-01
2009,3,0.8450491037376049,2009-03-01
2009,4,0.8471586575133486,2009-04-01
2009,5,0.8496058988049835,2009-05-01
2009,6,0.8569039219425376,2009-06-01
2009,7,0.8555452262903637,2009-07-01
2009,8,0.8574640859394864,2009-08-01
2009,9,0.8580004131706077,2009-09-01
2009,10,0.8588267543859649,2009-10-01
2009,11,0.8594345919145692,2009-11-01
2009,12,0.8579209572845157,2009-12-01
2010,1,0.8608528794813121,2010-01-01
2010,2,0.8610674103737606,2010-02-01
2010,3,0.8646031973048564,2010-03-01
2010,4,0.8661049135519959,2010-04-01
2010,5,0.8667763157894737,2010-05-01
2010,6,0.8659301106025935,2010-06-01
2010,7,0.8661128591406052,2010-07-01
2010,8,0.8673086702262904,2010-08-01
2010,9,0.8678132151029748,2010-09-01
2010,10,0.8688938151538267,2010-10-01
2010,11,0.86925931222985,2010-11-01
2010,12,0.8707530828883804,2010-12-01
2011,1,0.8749006801423851,2011-01-01
2011,2,0.8792151347571828,2011-02-01
2011,3,0.8877884248665142,2011-03-01
2011,4,0.8935052758708366,2011-04-01
2011,5,0.8977084922451055,2011-05-01
2011,6,0.8967470760233919,2011-06-01
2011,7,0.8975416348843123,2011-07-01
2011,8,0.9000166857360793,2011-08-01
2011,9,0.9013833269768625,2011-09-01
2011,10,0.8995240592423087,2011-10-01
2011,11,0.8987652555301296,2011-11-01
2011,12,0.8965484363081617,2011-12-01
2012,1,0.9004536931095856,2012-01-01
2012,2,0.9044582697686245,2012-02-01
2012,3,0.9113272311212814,2012-03-01
2012,4,0.9140803775743708,2012-04-01
2012,5,0.9130077231121282,2012-05-01
2012,6,0.9116688914314773,2012-06-01
2012,7,0.9101830663615561,2012-07-01
2012,8,0.9152483790999237,2012-08-01
2012,9,0.9193324116450547,2012-09-01
2012,10,0.9189748601576405,2012-10-01
2012,11,0.9146206775997966,2012-11-01
2012,12,0.9121575451309434,2012-12-01
2013,1,0.9148550724637682,2013-01-01
2013,2,0.9223477625222477,2013-02-01
2013,3,0.9247592486651411,2013-03-01
2013,4,0.9237978324434275,2013-04-01
2013,5,0.9254425692855327,2013-05-01
2013,6,0.9276633613018053,2013-06-01
2013,7,0.9280288583778287,2013-07-01
2013,8,0.9291452135774219,2013-08-01
2013,9,0.9302258136282736,2013-09-01
2013,10,0.9278302186625985,2013-10-01
2013,11,0.9259351957793033,2013-11-01
2013,12,0.9258557398932113,2013-12-01
2014,1,0.9293001525553013,2014-01-01
2014,2,0.9327366196287822,2014-02-01
2014,3,0.9387434846173405,2014-03-01
2014,4,0.9418382913806256,2014-04-01
2014,5,0.9451277650648361,2014-05-01
2014,6,0.9468877129417748,2014-06-01
2014,7,0.9465182430714467,2014-07-01
2014,8,0.9449370709382151,2014-08-01
2014,9,0.9456482011187389,2014-09-01
2014,10,0.9432724701245868,2014-10-01
2014,11,0.938179347826087,2014-11-01
2014,12,0.9328597762522248,2014-12-01
2015,1,0.9284698385456395,2015-01-01
2015,2,0.9325022247648107,2015-02-01
2015,3,0.9380522184083397,2015-03-01
2015,4,0.9399591596745487,2015-04-01
2015,5,0.9447503496058989,2015-05-01
2015,6,0.9480596872616324,2015-06-01
2015,7,0.948123251970506,2015-07-01
2015,8,0.9467804474955506,2015-08-01
2015,9,0.9453065408085431,2015-09-01
2015,10,0.9448814518179507,2015-10-01
2015,11,0.9428871090770405,2015-11-01
2015,12,0.9396651728960081,2015-12-01
2016,1,0.9412185354691076,2016-01-01
2016,2,0.9419932303585049,2016-02-01
2016,3,0.9460494533435038,2016-03-01
2016,4,0.9505347381133995,2016-04-01
2016,5,0.9544082125603864,2016-05-01
2016,6,0.9575943935926774,2016-06-01
2016,7,0.9560410310195779,2016-07-01
2016,8,0.9568594266463261,2016-08-01
2016,9,0.9591437833714722,2016-09-01
2016,10,0.9603395944571574,2016-10-01
2016,11,0.958845823798627,2016-11-01
2016,12,0.9591596745486906,2016-12-01
2017,1,0.9647493961352658,2017-01-01
2017,2,0.9677846109839817,2017-02-01
2017,3,0.9685712242562929,2017-03-01
2017,4,0.9714435545385203,2017-04-01
2017,5,0.9722738685481821,2017-05-01
2017,6,0.9731558288838038,2017-06-01
2017,7,0.9724844266463261,2017-07-01
2017,8,0.9753964848715994,2017-08-01
2017,9,0.980561117467582,2017-09-01
2017,10,0.97994136155606415,2017-10-01
2017,11,0.9799651983218918,2017-11-01
2017,12,0.9793891431477244,2017-12-01
2018,1,0.984724605898805,2018-01-01
2018,2,0.9891900266971778,2018-02-01
2018,3,0.9914267098906687,2018-03-01
2018,4,0.995367721840834,2018-04-01
2018,5,0.9995073735062293,2018-05-01
2018,6,1.0011004640223748,2018-06-01
2018,7,1.001168001525553,2018-07-01
2018,8,1.0017241927281972,2018-08-01
2018,9,1.0028882214594457,2018-09-01
2018,10,1.0046600877192982,2018-10-01
2018,11,1.0012951309433005,2018-11-01
2018,12,0.9980970315280957,2018-12-01
2019,1,1,2019-01-01
2019,2,1.0042270531400967,2019-02-01
2019,3,1.0098922578184593,2019-03-01
2019,4,1.0152396389524536,2019-04-01
2019,5,1.0174008390541571,2019-05-01
2019,6,1.0176034515636918,2019-06-01
2019,7,1.0193038075260616,2019-07-01
2019,8,1.0192521612001018,2019-08-01
2019,9,1.0200506928553268,2019-09-01
2019,10,1.0223827231121283,2019-10-01
2019,11,1.0218344774980932,2019-11-01
2019,12,1.0209048436308161,2019-12-01
2020,1,1.0248657195525046,2020-01-01
2020,2,1.0276744851258581,2020-02-01
2020,3,1.0254378019323673,2020-03-01
2020,4,1.0185807589626241,2020-04-01
2020,5,1.018600622934147,2020-05-01
2020,6,1.0241744533435038,2020-06-01
2020,7,1.0293549771167048,2020-07-01
2020,8,1.0326007500635648,2020-08-01
2020,9,1.0340389016018305,2020-09-01
2020,10,1.0344679633867278,2020-10-01
2020,11,1.0338362890922959,2020-11-01
2020,12,1.0348096236969235,2020-12-01
2021,1,1.0392114797864227,2021-01-01
2021,2,1.0449005212306128,2021-02-01
2021,3,1.0523018370200865,2021-03-01
2021,4,1.0609506102212052,2021-04-01
2021,5,1.0694563628273583,2021-05-01
2021,6,1.0793923213831682,2021-06-01
2021,7,1.084584763539283,2021-07-01
2021,8,1.0868254195270786,2021-08-01
2021,9,1.089777205695398,2021-09-01
2021,10,1.098831203915586,2021-10-01
2021,11,1.1042302313755403,2021-11-01
2021,12,1.1076229977116707,2021-12-01
2022,1,1.116943173150267,2022-01-01
2022,2,1.1271453089244852,2022-02-01
2022,3,1.142194253750318,2022-03-01
2022,4,1.1485705886092041,2022-04-01
2022,5,1.161231884057971,2022-05-01
2022,6,1.1771826531909484,2022-06-01
2022,7,1.1770436053902873,2022-07-01
2022,8,1.176626461988304,2022-08-01
2022,9,1.1791571319603356,2022-09-01
2022,10,1.1839403763030767,2022-10-01
2022,11,1.1827445652173914,2022-11-01
2022,12,1.1791134312229852,2022-12-01
